{
	"format_version": "1.21.0",
	"minecraft:geometry": [
		{
			"description": {
				"identifier": "geometry.unknown",
				"texture_width": 16,
				"texture_height": 16,
				"visible_bounds_width": 6,
				"visible_bounds_height": 3.5,
				"visible_bounds_offset": [0, 1.25, 0]
			},
			"bones": [
				{
					"name": "vehicle_body",
					"pivot": [-1.6875, 0.18801, -6.8797],
					"cubes": [
						{
							"origin": [-12.64687, 0.18801, -31.70469],
							"size": [25.29375, 18.61875, 60.675],
							"uv": {
								"north": {"uv": [0, 0], "uv_size": [57.7, 27.4]},
								"east": {"uv": [0, 0], "uv_size": [114.575, 27.4]},
								"south": {"uv": [0, 0], "uv_size": [57.7, 27.4]},
								"west": {"uv": [0, 0], "uv_size": [114.575, 27.4]},
								"up": {"uv": [57.7, 114.575], "uv_size": [-57.7, -114.575], "uv_rotation": 180},
								"down": {"uv": [57.7, 114.575], "uv_size": [-57.7, -114.575], "uv_rotation": 180}
							}
						}
					]
				},
				{
					"name": "door_1",
					"pivot": [-9.7875, 13.85051, 3.98593],
					"cubes": [
						{
							"origin": [-10.5375, 4.48176, -1.61094],
							"size": [1.5, 14.7375, 11.19375],
							"uv": {
								"north": {"uv": [0, 0], "uv_size": [2, 19.65]},
								"east": {"uv": [0, 0], "uv_size": [14.925, 19.65]},
								"south": {"uv": [0, 0], "uv_size": [2, 19.65]},
								"west": {"uv": [0, 0], "uv_size": [14.925, 19.65]},
								"up": {"uv": [2, 14.925], "uv_size": [-2, -14.925]},
								"down": {"uv": [2, 14.925], "uv_size": [-2, -14.925]}
							}
						}
					]
				},
				{
					"name": "door_2",
					"pivot": [-9.7875, 13.85051, -7.11407],
					"cubes": [
						{
							"origin": [-10.51875, 4.48176, -12.71094],
							"size": [1.5, 14.7375, 11.19375],
							"uv": {
								"north": {"uv": [0, 0], "uv_size": [2, 19.65]},
								"east": {"uv": [0, 0], "uv_size": [14.925, 19.65]},
								"south": {"uv": [0, 0], "uv_size": [2, 19.65]},
								"west": {"uv": [0, 0], "uv_size": [14.925, 19.65]},
								"up": {"uv": [2, 14.925], "uv_size": [-2, -14.925]},
								"down": {"uv": [2, 14.925], "uv_size": [-2, -14.925]}
							}
						}
					]
				},
				{
					"name": "door_3",
					"pivot": [9.7875, 13.85051, 3.98593],
					"cubes": [
						{
							"origin": [9.0375, 4.48176, -1.61094],
							"size": [1.5, 14.7375, 11.19375],
							"uv": {
								"north": {"uv": [0, 0], "uv_size": [2, 19.65]},
								"east": {"uv": [0, 0], "uv_size": [14.925, 19.65]},
								"south": {"uv": [0, 0], "uv_size": [2, 19.65]},
								"west": {"uv": [0, 0], "uv_size": [14.925, 19.65]},
								"up": {"uv": [2, 14.925], "uv_size": [-2, -14.925]},
								"down": {"uv": [2, 14.925], "uv_size": [-2, -14.925]}
							}
						}
					]
				},
				{
					"name": "door_4",
					"pivot": [9.75, 13.85051, -7.18907],
					"cubes": [
						{
							"origin": [9.01875, 4.48176, -12.78595],
							"size": [1.5, 14.7375, 11.19375],
							"uv": {
								"north": {"uv": [0, 0], "uv_size": [2, 19.65]},
								"east": {"uv": [0, 0], "uv_size": [14.925, 19.65]},
								"south": {"uv": [0, 0], "uv_size": [2, 19.65]},
								"west": {"uv": [0, 0], "uv_size": [14.925, 19.65]},
								"up": {"uv": [2, 14.925], "uv_size": [-2, -14.925]},
								"down": {"uv": [2, 14.925], "uv_size": [-2, -14.925]}
							}
						}
					]
				},
				{
					"name": "zheyupeng",
					"pivot": [-1.6875, 0.18801, -0.37344],
					"cubes": [
						{
							"origin": [-10.48125, 17.77551, -28.89219],
							"size": [20.9625, 10.6125, 16.35],
							"uv": {
								"north": {"uv": [0, 0], "uv_size": [27.95, 14.15]},
								"east": {"uv": [27, 0], "uv_size": [21.8, 14.15]},
								"south": {"uv": [0, 0], "uv_size": [27.95, 14.15]},
								"west": {"uv": [11.15, 0], "uv_size": [21.8, 14.15]},
								"up": {"uv": [27.95, 32.95], "uv_size": [-27.95, -21.8]},
								"down": {"uv": [27.95, 48.8], "uv_size": [-27.95, -21.8]}
							}
						}
					]
				}
			]
		}
	]
}