{
	"format_version": "1.8.0",
	"animations": {
		"door_1": {
			"animation_length": 0.5,
			"bones": {
				"Left_front_chemen": {
					"rotation": {
						"0.0": [0, 0, 0],
						"0.0417": [0, 2.9124, 0],
						"0.0833": [0, 8.7178, 0],
						"0.125": [0, 15.79458, 0],
						"0.1667": [0, 23.5565, 0],
						"0.2083": [0, 31.69375, 0],
						"0.2917": [0, 48.30625, 0],
						"0.3333": [0, 56.4435, 0],
						"0.375": [0, 64.20542, 0],
						"0.4167": [0, 71.2822, 0],
						"0.4583": [0, 77.0876, 0],
						"0.5": [0, 80, 0]
					}
				}
			}
		},
		"door_2": {
			"animation_length": 0.5,
			"bones": {
				"Left_back_chemen": {
					"rotation": {
						"0.0": [0, 0, 0],
						"0.0417": [0, -2.9124, 0],
						"0.0833": [0, -8.7178, 0],
						"0.125": [0, -15.79458, 0],
						"0.1667": [0, -23.5565, 0],
						"0.2083": [0, -31.69375, 0],
						"0.2917": [0, -48.30625, 0],
						"0.3333": [0, -56.4435, 0],
						"0.375": [0, -64.20542, 0],
						"0.4167": [0, -71.2822, 0],
						"0.4583": [0, -77.0876, 0],
						"0.5": [0, -80, 0]
					}
				}
			}
		},
		"door_3": {
			"animation_length": 0.5,
			"bones": {
				"Right_front_chemen": {
					"rotation": {
						"0.0": [0, 0, 0],
						"0.0417": [0, -2.9124, 0],
						"0.0833": [0, -8.7178, 0],
						"0.125": [0, -15.79458, 0],
						"0.1667": [0, -23.5565, 0],
						"0.2083": [0, -31.69375, 0],
						"0.2917": [0, -48.30625, 0],
						"0.3333": [0, -56.4435, 0],
						"0.375": [0, -64.20542, 0],
						"0.4167": [0, -71.2822, 0],
						"0.4583": [0, -77.0876, 0],
						"0.5": [0, -80, 0]
					}
				}
			}
		},
		"door_4": {
			"loop": true,
			"animation_length": 0.5,
			"bones": {
				"Right_back_chemen": {
					"rotation": {
						"0.0": [0, 0, 0],
						"0.0417": [0, 2.9124, 0],
						"0.0833": [0, 8.7178, 0],
						"0.125": [0, 15.79458, 0],
						"0.1667": [0, 23.5565, 0],
						"0.2083": [0, 31.69375, 0],
						"0.2917": [0, 48.30625, 0],
						"0.3333": [0, 56.4435, 0],
						"0.375": [0, 64.20542, 0],
						"0.4167": [0, 71.2822, 0],
						"0.4583": [0, 77.0876, 0],
						"0.5": [0, 80, 0]
					}
				}
			}
		},
		"zheyupeng": {
			"animation_length": 0.0417,
			"bones": {
				"zheyupeng": {
					"scale": {
						"0.0": [1, 1, 1],
						"0.0417": [0, 0, 0]
					}
				}
			}
		}
	}
}